Building Type,Square Footage,Number of Occupants,Appliances Used,Average Temperature,Day of Week,Actual Energy Consumption,Predicted Energy Consumption,Prediction Error
Commercial,40192,23,23,30.0,Weekend,4549.59,4549.59824444978,-0.008244449780249852
Residential,8406,25,36,19.48,Weekday,2842.91,2842.9010827773645,0.008917222635318467
Industrial,47719,92,7,32.82,Weekend,5781.83,5781.847788209464,-0.01778820946401538
Commercial,37435,26,35,21.64,Weekday,4773.54,4773.55057725788,-0.010577257879958779
Commercial,11331,47,43,21.1,Weekend,3791.04,3791.0502172496,-0.010217249599918432
Residential,14112,3,17,21.0,Weekend,2470.59,2470.599330460468,-0.009330460467936064
Commercial,39209,67,24,21.48,Weekend,5003.05,5003.049429950077,0.0005700499232261791
Commercial,20559,21,8,26.77,Weekday,3314.12,3314.0998593575337,0.02014064246623093
Commercial,30948,96,37,20.06,Weekend,5147.11,5147.100047016927,0.009952983072253119
Residential,49646,12,12,18.68,Weekday,4298.92,4298.899998090992,0.020001909007987706
Commercial,10150,31,15,33.79,Weekday,2998.57,2998.5493666064554,0.02063339354481286
Commercial,16004,23,47,10.9,Weekend,3915.71,3915.701312352622,0.008687647377882968
Residential,49256,82,35,30.7,Weekend,5329.29,5329.298071424589,-0.008071424588706577
Industrial,21927,95,10,33.51,Weekday,4628.8,4628.799347203976,0.0006527960240418906
Commercial,27157,67,38,21.08,Weekend,4682.44,4682.449915323057,-0.009915323057612113
Commercial,17587,72,4,14.08,Weekday,3658.93,3658.9515207135455,-0.021520713545669423
Industrial,5799,37,23,34.76,Weekend,3446.15,3446.148400775918,0.0015992240819286963
Industrial,20522,88,42,31.58,Weekend,5088.21,5088.198961751137,0.0110382488628602
Commercial,31790,46,31,27.09,Weekend,4534.07,4534.048943373095,0.021056626904282894
Commercial,36721,66,46,15.58,Weekend,5338.17,5338.1505035555565,0.019496444443575456
Commercial,21439,24,42,15.79,Weekend,4073.01,4073.000561844836,0.009438155164389173
Commercial,23911,93,48,31.37,Weekday,4978.71,4978.700106290767,0.00989370923343813
Commercial,20475,79,28,13.9,Weekday,4354.25,4354.251877303164,-0.0018773031642922433
Commercial,16938,36,13,15.51,Weekday,3439.34,3439.3513804603226,-0.011380460322470753
Residential,10416,33,14,23.74,Weekend,2512.1,2512.099131649057,0.0008683509427100944
Industrial,11671,63,8,34.74,Weekend,3699.87,3699.848152363521,0.02184763647892396
Commercial,10647,46,41,13.13,Weekday,3796.71,3796.7022386245044,0.007761375495647371
Commercial,5099,39,6,16.24,Weekend,2683.73,2683.7503155222,-0.02031552219978039
Commercial,46889,54,28,17.07,Weekend,5359.1,5359.099823598037,0.0001764019634720171
Commercial,25564,87,34,15.2,Weekday,4802.21,4802.2017474699205,0.008252530079516873
Commercial,47178,27,16,24.14,Weekend,4828.19,4828.198711429152,-0.008711429152754135
Commercial,29878,16,41,31.63,Weekend,4315.75,4315.748495597756,0.0015044022438814864
Residential,29102,31,41,32.35,Weekday,3973.35,3973.3492763044837,0.0007236955161715741
Industrial,47304,98,11,12.3,Weekday,6053.68,6053.701398470088,-0.021398470087660826
Commercial,27411,41,13,13.43,Weekday,4023.41,4023.401446957753,0.008553042247058329
Industrial,36559,73,28,14.86,Weekend,5543.64,5543.650369092984,-0.010369092983637529
Residential,38067,14,23,26.61,Weekend,3870.32,3870.2983507677627,0.021649232237450633
Commercial,28029,38,15,18.72,Weekend,3987.84,3987.849729192132,-0.009729192131999298
Residential,28132,49,9,20.74,Weekday,3522.9,3522.9002354204963,-0.00023542049621028127
Industrial,28880,89,10,22.15,Weekend,4923.27,4923.249432770688,0.0205672293122916
Industrial,7319,21,37,31.57,Weekday,3708.08,3708.1000111403973,-0.020011140397400595
Residential,8745,28,30,17.72,Weekend,2728.63,2728.6500992716237,-0.020099271623621462
Industrial,23361,26,26,29.05,Weekend,4302.81,4302.79875470849,0.01124529151002207
Residential,47564,23,44,25.48,Weekend,4860.8,4860.798656991647,0.001343008353615005
Residential,42255,78,47,27.14,Weekday,5247.04,5247.049894245717,-0.009894245717077865
Industrial,18174,68,14,21.53,Weekend,4261.05,4261.0496959792745,0.0003040207257072325
Commercial,10016,85,8,24.61,Weekday,3437.74,3437.750525739282,-0.010525739282002178
Residential,36423,89,29,18.3,Weekday,4749.64,4749.650807477947,-0.010807477946400468
Residential,3842,45,12,34.26,Weekday,2260.82,2260.7991276874627,0.020872312537449034
Residential,32383,88,47,28.41,Weekday,4847.12,4847.099962403592,0.020037596407746605
Industrial,24558,80,8,24.3,Weekend,4566.41,4566.399199325452,0.01080067454768141
Industrial,41735,5,39,15.27,Weekend,5340.39,5340.400163271506,-0.010163271505916782
Industrial,45920,54,34,34.66,Weekend,5842.72,5842.697888681381,0.0221113186189541
Commercial,39504,86,46,12.07,Weekday,5744.86,5744.852035713548,0.00796428645207925
Commercial,23898,55,16,26.95,Weekend,3930.14,3930.1489087964974,-0.008908796497507865
Commercial,13499,75,41,12.97,Weekday,4230.09,4230.102301733146,-0.012301733146159677
Residential,26321,89,43,13.9,Weekend,4496.55,4496.550624606645,-0.0006246066450330545
Commercial,27702,71,14,11.3,Weekend,4318.61,4318.600705373054,0.009294626946029894
Residential,5609,81,2,33.21,Weekday,2514.4,2514.399187059201,0.0008129407992782944
Commercial,37811,25,22,19.14,Weekday,4534.85,4534.850663381949,-0.0006633819484704873
Residential,2943,13,29,17.8,Weekday,2318.15,2318.1512356866415,-0.0012356866413938405
Residential,10496,21,17,31.54,Weekend,2417.11,2417.0982163572444,0.01178364275574495
Commercial,2606,30,2,29.63,Weekday,2372.16,2372.1497961368636,0.010203863136212021
Industrial,15874,89,14,28.98,Weekend,4318.82,4318.7989315411505,0.021068458849185845
Commercial,41860,28,34,23.64,Weekend,4934.8,4934.799147249442,0.0008527505578967975
Industrial,5257,74,12,12.58,Weekend,3679.96,3679.9509813996474,0.0090186003526469
Residential,25019,19,35,28.29,Weekday,3549.48,3549.4996991712815,-0.01969917128144516
Commercial,45423,22,2,16.32,Weekend,4449.57,4449.549435564026,0.02056443597393809
Industrial,45359,75,35,26.86,Weekday,6133.65,6133.650007388759,-7.388759513560217e-06
Commercial,1322,81,2,15.38,Weekend,2839.18,2839.20056755456,-0.02056755456032988
Residential,32153,75,24,33.11,Weekend,4172.08,4172.097915400004,-0.017915400004312687
Residential,29125,57,7,16.94,Weekday,3631.54,3631.550661109055,-0.010661109055035922
Commercial,46697,70,7,25.71,Weekday,5096.3,5096.299645997242,0.0003540027582857874
Commercial,36112,17,42,28.54,Weekday,4722.9,4722.899865245154,0.00013475484593072906
Industrial,11116,64,17,30.65,Weekday,3932.56,3932.549888449182,0.0101115508177827
Industrial,24252,36,45,22.91,Weekday,4908.05,4908.0508880335965,-0.0008880335963112884
Commercial,27237,39,41,15.33,Weekend,4495.21,4495.200543040857,0.009456959142880805
Residential,42188,64,43,24.21,Weekday,5038.34,5038.350132767326,-0.010132767325558234
Commercial,5584,21,9,29.51,Weekend,2521.63,2521.6487278997993,-0.018727899799159786
Industrial,27416,25,37,15.11,Weekend,4785.27,4785.250486058744,0.019513941256263934
Industrial,26022,24,21,29.31,Weekend,4314.56,4314.548591497558,0.011408502442463941
Commercial,6859,25,47,25.8,Weekend,3403.93,3403.9497338419014,-0.01973384190159777
Industrial,10861,14,36,18.67,Weekend,3809.69,3809.700323235125,-0.010323235124815255
Residential,35988,57,47,17.34,Weekend,4722.68,4722.699992241475,-0.019992241474938055
Industrial,7140,65,11,13.97,Weekday,3707.17,3707.151840205239,0.01815979476123175
Industrial,20549,68,4,24.59,Weekend,4164.5,4164.49913866812,0.0008613318796051317
Residential,8348,67,37,16.48,Weekend,3244.98,3245.000490562149,-0.02049056214900702
Industrial,26463,57,21,31.59,Weekend,4655.22,4655.198425499689,0.021574500311544398
Industrial,38758,7,41,10.05,Weekday,5327.65,5327.651974401904,-0.001974401904590195
Commercial,36322,8,25,27.52,Weekend,4258.49,4258.498588978402,-0.008588978402258363
Commercial,11206,72,24,14.25,Weekend,3689.04,3689.0508212969003,-0.010821296900303423
Commercial,22020,43,4,28.28,Weekday,3519.59,3519.5996671382127,-0.009667138212535065
Industrial,25791,84,45,14.96,Weekend,5454.74,5454.750854274098,-0.010854274098164751
Residential,15817,85,47,25.14,Weekend,3955.17,3955.149543553865,0.02045644613508557
Residential,7222,44,39,34.91,Weekend,2906.57,2906.5482928808015,0.021707119198708824
Residential,34036,35,43,16.24,Weekend,4330.61,4330.600023393502,0.009976606497730245
Residential,38743,65,23,10.2,Weekday,4546.15,4546.1515466234,-0.0015466233999177348
Residential,6654,21,24,15.0,Weekday,2497.72,2497.7014470965123,0.018552903487488948
Commercial,6288,33,20,25.24,Weekday,2968.2,2968.2005291548917,-0.0005291548918648914
Residential,38658,55,45,23.86,Weekday,4813.61,4813.6002401102705,0.009759889729139104
Commercial,35546,52,4,26.35,Weekend,4245.53,4245.548569201167,-0.01856920116733818
Industrial,31178,68,8,32.25,Weekday,4787.64,4787.649201838782,-0.009201838781336846
Commercial,5353,20,18,32.04,Weekend,2667.44,2667.4485678560077,-0.008567856007630326
Industrial,32085,38,31,16.0,Weekday,5074.24,5074.251349548233,-0.011349548232828965
Residential,25361,77,26,24.09,Weekend,3937.59,3937.599142290772,-0.00914229077170603
Industrial,19529,85,19,28.85,Weekday,4612.22,4612.200044644874,0.019955355126512586
Commercial,10896,71,17,16.99,Weekend,3509.87,3509.8503941536346,0.01960584636526619
Industrial,18102,21,35,31.59,Weekday,4207.14,4207.149777097135,-0.009777097134247015
Commercial,24321,78,17,34.79,Weekday,4212.08,4212.099172783949,-0.019172783949215955
Residential,44960,10,35,29.67,Weekday,4449.66,4449.649134202732,0.010865797267797461
Residential,17934,70,44,27.56,Weekday,3888.89,3888.9002259689587,-0.010225968958820886
Industrial,42346,20,37,33.31,Weekend,5390.76,5390.748045901649,0.011954098351452558
Industrial,29029,82,30,21.74,Weekend,5262.76,5262.749759561842,0.010240438157779863
Industrial,23616,86,33,18.76,Weekend,5107.0,5107.000270904073,-0.00027090407274954487
Industrial,44909,4,4,22.06,Weekday,4805.17,4805.149870387135,0.020129612865275703
Commercial,26643,49,12,25.27,Weekday,3985.8,3985.800077664394,-7.766439375700429e-05
Industrial,46148,30,39,33.84,Weekend,5718.21,5718.197976588986,0.01202341101361526
Industrial,42398,44,22,30.32,Weekend,5348.31,5348.298249363665,0.011750636335818854
Residential,29552,42,38,25.04,Weekday,4082.39,4082.40012060197,-0.010120601969902054
Industrial,2242,9,37,11.08,Weekend,3386.72,3386.7013769335913,0.01862306640850875
Commercial,42399,58,35,13.49,Weekend,5332.5,5332.500449380331,-0.0004493803307923372
Residential,1026,90,49,11.14,Weekend,3375.62,3375.601516650554,0.018483349445887143
Industrial,14635,19,27,12.28,Weekend,3900.33,3900.3508854897436,-0.020885489743704966
Industrial,16376,7,7,27.65,Weekend,3390.53,3390.5486966242847,-0.018696624284530117
Commercial,23411,98,23,20.5,Weekday,4558.07,4558.051032412141,0.018967587859151536
Residential,20603,98,36,29.52,Weekend,4082.56,4082.5488141547526,0.011185845247382531
Residential,32847,34,35,19.28,Weekend,4085.95,4085.9495620597963,0.0004379402034828672
Residential,45141,36,46,31.53,Weekend,4879.42,4879.3980634200225,0.021936579977591464
Residential,7505,70,41,19.04,Weekday,3350.06,3350.0513788853295,0.008621114670404495
Industrial,30475,92,3,13.61,Weekend,4935.7,4935.700312805742,-0.0003128057423964492
Commercial,4518,85,27,15.09,Weekend,3540.45,3540.4509365157382,-0.0009365157384308986
Commercial,25360,34,26,14.98,Weekday,4103.09,4103.101477152002,-0.011477152002044022
Residential,3880,45,3,24.75,Weekday,2130.26,2130.2501105229535,0.009889477046726824
Residential,14419,68,44,23.95,Weekend,3661.21,3661.1996070188807,0.010392981119366596
Industrial,37719,16,20,23.97,Weekday,4876.08,4876.100063627867,-0.020063627866875322
Industrial,49997,15,22,26.78,Weekday,5505.97,5505.9495304989,0.02046950110070611
Industrial,43501,83,31,26.67,Weekday,6041.7,6041.700030380965,-3.0380964744836092e-05
Industrial,29269,35,19,18.63,Weekend,4600.3,4600.299795977306,0.0002040226945609902
Industrial,41238,22,7,31.95,Weekday,4812.15,4812.1488796262665,0.0011203737331015873
Residential,11844,2,22,20.11,Weekend,2451.63,2451.6495504966397,-0.019550496639567427
Industrial,45162,85,45,12.92,Weekday,6493.48,6493.50183981296,-0.021839812960024574
Commercial,44981,81,20,27.82,Weekday,5369.95,5369.9496644471765,0.00033555282334418735
Residential,17225,6,9,30.23,Weekday,2500.08,2500.099176076129,-0.019176076129042485
Commercial,26111,26,49,15.85,Weekday,4516.31,4516.301684225973,0.008315774027323641
Residential,33630,96,32,32.11,Weekend,4620.93,4620.948198179367,-0.01819817936666368
Industrial,31773,60,19,26.02,Weekday,4988.57,4988.550065646643,0.019934353356802603
Industrial,47795,9,15,34.61,Weekday,5156.72,5156.698522028306,0.021477971694366715
Residential,22542,58,47,32.58,Weekend,3984.2,3984.1984505582896,0.0015494417102672742
Residential,9610,66,1,20.77,Weekend,2556.63,2556.6494094922346,-0.01940949223444477
Commercial,22026,70,12,21.58,Weekend,3933.39,3933.3995660096316,-0.009566009631726047
Industrial,41631,13,6,29.32,Weekend,4684.93,4684.948033500041,-0.018033500040473882
Residential,11182,13,45,12.11,Weekend,3028.56,3028.5508930739707,0.009106926029289752
Commercial,12245,85,4,22.85,Weekend,3428.02,3427.999527361678,0.020472638322189596
Industrial,40863,47,1,17.61,Weekend,4945.09,4945.09946586536,-0.009465865359743475
Residential,47324,30,32,25.49,Weekend,4678.75,4678.748500949319,0.001499050680649816
Residential,4256,44,9,21.22,Weekday,2276.7,2276.7006075701743,-0.0006075701744521211
Industrial,27920,28,1,20.84,Weekday,4141.78,4141.800366115753,-0.020366115752949554
Commercial,35411,67,23,30.46,Weekday,4798.25,4798.249530575082,0.0004694249182648491
Industrial,7559,27,44,10.08,Weekday,4027.56,4027.552665971093,0.0073340289068255515
Industrial,40387,31,37,20.24,Weekday,5518.13,5518.150762883576,-0.02076288357602607
Industrial,48017,1,8,32.46,Weekday,4958.57,4958.548637687907,0.021362312092605862
Commercial,10024,54,40,10.49,Weekday,3838.73,3838.752573007272,-0.02257300727205802
Commercial,18881,54,6,19.05,Weekday,3558.78,3558.800880861845,-0.020880861844943865
Commercial,32623,65,29,27.67,Weekday,4772.8,4772.799996096082,3.9039177863742225e-06
Residential,13176,2,47,11.58,Weekend,3060.91,3060.9009118302306,0.009088169769256638
Industrial,32684,99,38,34.99,Weekend,5709.26,5709.248308978305,0.011691021694787196
Industrial,34657,21,47,20.15,Weekday,5332.1,5332.100999190616,-0.0009991906154027674
Commercial,25417,49,49,22.92,Weekday,4676.25,4676.250941323179,-0.000941323179176834
Industrial,47914,47,12,33.71,Weekend,5437.17,5437.147604636927,0.02239536307297385
Commercial,2969,92,32,25.47,Weekday,3631.08,3631.100945155711,-0.020945155711160623
Commercial,25074,41,18,26.37,Weekend,3891.86,3891.8489386254078,0.011061374592372886
Commercial,17274,97,46,15.79,Weekday,4724.76,4724.752049111781,0.007950888219056651
Residential,18949,64,42,23.14,Weekend,3811.73,3811.7495740212926,-0.0195740212925557
Residential,48775,54,27,17.78,Weekday,4979.87,4979.850490155664,0.01950984433551639
Residential,34095,29,21,29.94,Weekend,3765.06,3765.0480524014633,0.011947598536607984
Residential,12222,80,35,20.16,Weekend,3510.28,3510.29999782388,-0.019997823879748466
Industrial,35301,28,45,15.43,Weekend,5367.9,5367.900433212917,-0.00043321291741449386
Industrial,7237,62,34,19.48,Weekday,4114.45,4114.45152949169,-0.0015294916902348632
Industrial,32205,21,17,15.18,Weekday,4634.34,4634.351173454837,-0.011173454837262398
Residential,43259,33,41,30.12,Weekday,4712.33,4712.349281652772,-0.019281652772406233
Commercial,20076,33,42,34.22,Weekend,4002.72,4002.698445661986,0.021554338013629604
Commercial,22063,92,8,33.62,Weekend,4015.07,4015.048159463988,0.021840536011950462
Residential,36272,93,6,32.04,Weekday,4253.4,4253.398854062307,0.0011459376928542042
Commercial,23540,80,10,15.5,Weekday,4149.49,4149.501360616992,-0.011360616992533323
Residential,31023,97,23,20.52,Weekend,4378.55,4378.549478846589,0.0005211534107729676
Residential,48903,70,22,23.91,Weekday,5015.61,5015.599742964695,0.01025703530467581
Residential,41309,55,45,15.4,Weekday,4988.44,4988.451187603904,-0.01118760390454554
Residential,19629,21,39,12.37,Weekday,3459.59,3459.601743503291,-0.011743503290745139
Residential,48785,84,6,20.48,Weekend,4796.83,4796.848849366386,-0.018849366386348265
Commercial,12036,61,47,26.75,Weekend,4018.05,4018.0496462872643,0.00035371273588680197
Residential,36624,74,30,30.45,Weekend,4518.97,4518.948233511227,0.021766488773209858
Industrial,37301,38,35,20.22,Weekday,5393.95,5393.950815873684,-0.0008158736845871317
Industrial,26349,88,46,10.79,Weekend,5563.48,5563.501363955081,-0.021363955081142194
Industrial,21453,58,6,19.1,Weekday,4227.17,4227.150868865009,0.01913113499085739
Commercial,7714,51,7,13.32,Weekday,3019.12,3019.101769637581,0.018230362418762525
Residential,2490,91,8,25.03,Weekday,2619.36,2619.3503342688996,0.009665731100540143
Residential,23390,50,23,23.8,Weekend,3510.52,3510.4990767774225,0.020923222577494016
Commercial,3593,88,41,22.27,Weekend,3768.3,3768.3003310870345,-0.00033108703428297304
Residential,40787,35,4,13.99,Weekday,3949.4,3949.4006714778716,-0.0006714778714922431
Industrial,37880,34,11,11.92,Weekday,4944.4,4944.401403991453,-0.0014039914531167597
